IDKABKOT,mean,sd,ci_lower,ci_upper,rse_pct,mse,rmse
1101,0.01159649145000888,0.002222486128414453,0.007345743923683466,0.015952671095551683,19.165159893363708,4.9394445909946656e-06,0.002222486128414453
1102,0.006029964048358672,0.001501854904024329,0.0032819969664899884,0.008982718336270866,24.90653164728448,2.2555681527419265e-06,0.001501854904024329
1103,0.0054166037557688024,0.0014441349710336213,0.0027264431270683414,0.008210854287909587,26.661262963819084,2.0855258145622783e-06,0.0014441349710336213
1104,0.00648694185937504,0.00172675307080892,0.003502724167684696,0.010092527238496246,26.61890777259529,2.981676167548035e-06,0.00172675307080892
1105,0.0071690297556675124,0.001584487919530805,0.00422705152864569,0.01032603081962162,22.101846045180384,2.5106019671390593e-06,0.001584487919530805
1106,0.02374662310299523,0.0032668656840989384,0.017503048080710633,0.030066930223776787,13.757179999571726,1.0672411397943224e-05,0.0032668656840989384
1107,0.007121601125644585,0.0017519784689808877,0.003960836466768119,0.010679254558605012,24.60090698806603,3.0694285557726153e-06,0.0017519784689808877
1108,0.03736901255421265,0.003612767865628907,0.0306045965353704,0.04451465380865136,9.667817313576931,1.3052091650920848e-05,0.003612767865628907
1109,0.00855038817326276,0.001778629962396369,0.0052421540517063455,0.012002071338435831,20.80174521150024,3.163524543134109e-06,0.001778629962396369
1110,0.02004493174815181,0.0027791096602081357,0.014601340945938505,0.025379366203192907,13.864400712985098,7.723450503462179e-06,0.0027791096602081357
1111,0.0059328836436985085,0.0014558653350255552,0.0032988190929625454,0.008889256059652042,24.538916022259645,2.119543873729072e-06,0.0014558653350255552
1112,0.002897971436188223,0.0010067681284172936,0.0011243779534860358,0.004866494014370347,34.74044346487838,1.0135820643968604e-06,0.0010067681284172936
1113,0.01636618955169423,0.002797124464432153,0.01113813672308152,0.021917341001228375,17.090871736497725,7.823905269524859e-06,0.002797124464432153
1114,0.027287674051051064,0.0034398681548099765,0.021001920898345346,0.034219009705381775,12.605941233300094,1.1832692922475793e-05,0.0034398681548099765
1115,0.0016834017772911452,0.0007612722799561277,0.000465764373441876,0.0031955851651395166,45.22225711209198,5.795354842296009e-07,0.0007612722799561277
1116,0.025746647094062294,0.0036399900335003883,0.01875908252386457,0.03302876346906121,14.137724497493288,1.3249527443982156e-05,0.0036399900335003883
1117,0.007993639557797813,0.001900426977887661,0.004465811462927075,0.011700490605422702,23.774239057774256,3.611622698283228e-06,0.001900426977887661
1118,0.006734252433766762,0.001828274524324016,0.0033358586097627222,0.010298691556790033,27.148886120703114,3.342587736292207e-06,0.001828274524324016
1171,0.036668570860360974,0.0038787212570010176,0.029437722933663632,0.044677580398901226,10.577781369695941,1.5044478589511553e-05,0.0038787212570010176
1172,0.01482287331490863,0.0027839215209452327,0.009847024339714072,0.020595495579160565,18.78125422650145,7.750219034782017e-06,0.0027839215209452327
1173,0.09890775570297941,0.006511704133510662,0.08599602653842289,0.11140193252951094,6.583613274034191,4.240229072237984e-05,0.006511704133510662
1174,0.12865340972637057,0.007063630337154301,0.11513432230039673,0.14271370561310714,5.49043383473298,4.989487353996658e-05,0.007063630337154301
1175,0.01988503437534811,0.00287786628313957,0.014436125907328264,0.025590811264207536,14.472523551215586,8.282114343631565e-06,0.00287786628313957
1201,0.0028099269958671434,0.0009426038282552969,0.0010778377703062718,0.004621168221881759,33.5454917384574,8.885019770415413e-07,0.0009426038282552969
1202,0.018664350024963725,0.002593881040416736,0.013693011113252737,0.023762903796987804,13.897516050370887,6.728218851833409e-06,0.002593881040416736
1203,0.02199744145335524,0.0031093530318460376,0.0160142264664959,0.027949902179888353,14.1350667460091,9.668076276650145e-06,0.0031093530318460376
1204,0.02613966076620337,0.0031287554895293086,0.020035519975551527,0.03237994433579381,11.969380618644278,9.789110913259783e-06,0.0031287554895293086
1205,0.02249303074906274,0.0029608612269320903,0.016805452764214836,0.028481287774267793,13.163460540129595,8.766699205149804e-06,0.0029608612269320903
1206,0.03619912191876466,0.004324808523491172,0.0277494191782636,0.04476068963033919,11.947274669249106,1.8703968764861886e-05,0.004324808523491172
1207,0.01953780140512319,0.002816593256686529,0.014152607895198527,0.0252483770502896,14.416121846483524,7.933197573612027e-06,0.002816593256686529
1208,0.03332589965466225,0.0033995957360908424,0.026654958265501655,0.03994244524506634,10.201062150816515,1.1557251168847036e-05,0.0033995957360908424
1209,0.04072272983259174,0.003795107951732055,0.033435398515183366,0.04815417905346278,9.319384941366838,1.4402844365299873e-05,0.003795107951732055
1210,0.018970679335043473,0.0028999882433174123,0.013561583364629431,0.024753940017357583,15.286686323143034,8.40993181137921e-06,0.0028999882433174123
1211,0.029873496721314553,0.0034951752735598077,0.023270577631613186,0.03705510207309332,11.699920187334554,1.2216250192903878e-05,0.0034951752735598077
1212,0.02617044676182418,0.002631656875485774,0.02116340251376128,0.03141657005690021,10.055834733874972,6.925617910291548e-06,0.002631656875485774
1213,0.0336218257112038,0.003405547101824906,0.027188119425929788,0.04040050811470762,10.128977322876537,1.1597751062748015e-05,0.003405547101824906
1214,0.005540897946810511,0.0014017457370189242,0.0030592485064420702,0.008411285286720483,25.298169186202145,1.9648911112507273e-06,0.0014017457370189242
1215,0.014585698595333268,0.0025494445072285466,0.009725237049263325,0.019593597739601912,17.479070272604204,6.499667295437807e-06,0.0025494445072285466
1216,0.02804197333675652,0.003558184723105975,0.021052565387165392,0.034856229572953625,12.68878149328393,1.2660678523744744e-05,0.003558184723105975
1217,0.03790430371111407,0.00423331256614108,0.029654963533439934,0.04626107618154635,11.168421924869214,1.7920935282647975e-05,0.00423331256614108
1218,0.043862196397882,0.003999107696703622,0.03623042060288598,0.05158769656404993,9.117436027204349,1.5992862369834144e-05,0.003999107696703622
1219,0.04691649201647704,0.004179699326587054,0.03882621864645309,0.055055165296203135,8.908806150978096,1.746988646067227e-05,0.004179699326587054
1220,0.007902262220038944,0.0017667663599053919,0.004590993987903967,0.011414495744753679,22.357728846622415,3.121463370493349e-06,0.0017667663599053919
1221,0.02265271253277474,0.0031798142734614536,0.016751927034330587,0.029307253352455483,14.037234034823806,1.0111218813709192e-05,0.0031798142734614536
1222,0.021589302095473707,0.0028726631141515295,0.015886061299215874,0.02706049856649325,13.30595635490133,8.252193367406763e-06,0.0028726631141515295
1223,0.02804673177563967,0.0033229548166243813,0.021739699789016194,0.03488299170484616,11.847921687298248,1.1042028713327176e-05,0.0033229548166243813
1224,0.01564614452749579,0.002504233956555455,0.010834760084133891,0.020503088138414956,16.005437966871856,6.271187709165389e-06,0.002504233956555455
1225,0.008922170960267909,0.0018362912114436942,0.005488386322404085,0.012502955826161542,20.58121526275434,3.37196541322535e-06,0.0018362912114436942
1271,0.0627444671782044,0.005225490756693612,0.05316239445515312,0.07362664106756707,8.328209628192994,2.730575364829037e-05,0.005225490756693612
1272,0.022973706702688453,0.003289460967791812,0.016695610947534384,0.029378637028770974,14.318372783121102,1.0820553458625846e-05,0.003289460967791812
1273,0.03658787591305977,0.0041102728650362595,0.029040031513241575,0.044473679676465504,11.233975087275093,1.6894343025053384e-05,0.0041102728650362595
1274,0.03734452741678316,0.004295738822552396,0.029273524308887147,0.046056946886929545,11.502994199417369,1.845337203158385e-05,0.004295738822552396
1275,0.04329020199736472,0.003426152931001361,0.03714465813047849,0.050487547628451965,7.9143842553793755,1.1738523906609219e-05,0.003426152931001361
1276,0.025393356295648383,0.003574451457611102,0.018442542740707658,0.03242109028301701,14.076325382098661,1.2776703222818133e-05,0.003574451457611102
1277,0.04059515891279018,0.004242378547050932,0.032229036213582994,0.04872987106337954,10.450454341525683,1.799777573647798e-05,0.004242378547050932
1278,0.013703857017594493,0.002291984943117218,0.009312115409995075,0.01827055303181944,16.725108414182372,5.253194979476036e-06,0.002291984943117218
1301,0.013134270752679254,0.0025634935319099553,0.008323311909593704,0.0182267404869868,19.51759317423108,6.571499088144177e-06,0.0025634935319099553
1302,0.03462679136307523,0.003485425275223761,0.02770173740915744,0.04142432291843719,10.065689421459057,1.2148189349168633e-05,0.003485425275223761
1303,0.03478143957219018,0.003773929170053527,0.027836935090329303,0.042409225984785,10.850411071170862,1.4242541380580902e-05,0.003773929170053527
1304,0.06346131762549258,0.005108230842439079,0.0535667993009899,0.0735565625822678,8.049361459187681,2.609402233964586e-05,0.005108230842439079
1305,0.059867449519278554,0.004861033393541388,0.0501620028162874,0.06903426182311569,8.11966006999519,2.36296456531245e-05,0.004861033393541388
1306,0.05211837050600214,0.004460474164241592,0.04388162193012501,0.06133723207579238,8.558353073851203,1.989582976986673e-05,0.004460474164241592
1307,0.016777416213076848,0.002352513868451342,0.01213844385185503,0.0212862480418467,14.021908013569567,5.5343215012558985e-06,0.002352513868451342
1308,0.027848028273511072,0.0035462110828326787,0.021333132063260322,0.03495640217525199,12.734154992961638,1.257561304400532e-05,0.0035462110828326787
1309,0.021361919879347283,0.0029458189070073384,0.015816384981617856,0.027187884875415774,13.790047540883055,8.67784903288191e-06,0.0029458189070073384
1310,0.02788842375643781,0.0035319661427889227,0.020902084708699444,0.0346706098974191,12.664631653747005,1.2474784833807262e-05,0.0035319661427889227
1311,0.057878105955883115,0.004860951887079233,0.047803676928462845,0.06695666005737509,8.398602212008171,2.3628853248499156e-05,0.004860951887079233
1312,0.026901146270936656,0.003294105126877525,0.020387232048507554,0.033139908567023146,12.245222168976479,1.0851128586920795e-05,0.003294105126877525
1371,0.06244533444529509,0.004414626694023102,0.054257145366409555,0.07163262801358763,7.06958611598199,1.948892884758134e-05,0.004414626694023102
1372,0.04160001493799324,0.004378075399280844,0.03302093639277042,0.05014120482466075,10.524215930707163,1.916754420178812e-05,0.004378075399280844
1373,0.040886205300138215,0.004559414043917287,0.03227254463497886,0.04986229752709392,11.15147275333442,2.078825642387019e-05,0.004559414043917287
1374,0.022044518125808373,0.0033509028510927256,0.015533982445528706,0.028438072985759597,15.20061736876749,1.1228549917461358e-05,0.0033509028510927256
1375,0.0528263181916356,0.0048875385491290975,0.04337479281907053,0.06226505168494636,9.252090087745277,2.3888033069222964e-05,0.0048875385491290975
1376,0.03147083353031572,0.003759158258932117,0.02441938457689028,0.03896929945835589,11.94489575660885,1.4131270815697545e-05,0.003759158258932117
1377,0.02374735193152258,0.0032496004701037646,0.017305302021305605,0.030064349168256406,13.68405403463195,1.0559903215298608e-05,0.0032496004701037646
1401,0.016618461219452887,0.0026660080224555544,0.011760112724441017,0.022095151026340847,16.04244813794694,7.107598775797376e-06,0.0026660080224555544
1402,0.02951165361008321,0.0033581138338704738,0.02314911703023368,0.03620045930557272,11.378941614857906,1.1276928521232253e-05,0.0033581138338704738
1403,0.02878830512618585,0.0031700427082681447,0.02278325506767306,0.03510501436114428,11.011564225032036,1.0049170772244034e-05,0.0031700427082681447
1404,0.014908961859163242,0.0023749982795641554,0.010406888964387304,0.0196511602549464,15.930004396009977,5.640616827932698e-06,0.0023749982795641554
1405,0.020367857993752025,0.0029118729750590277,0.015055689639819105,0.02633805112212779,14.296412396199267,8.479004222879113e-06,0.0029118729750590277
1406,0.03718862096952479,0.0036010890313508664,0.030058488304983172,0.04415864140217062,9.683308865638967,1.2967842211715522e-05,0.0036010890313508664
1407,0.03964382126355278,0.0036608056523224665,0.03263186993420211,0.046794345322833525,9.234240130348107,1.3401498024076119e-05,0.0036608056523224665
1408,0.009705986941898968,0.0018066504998114187,0.00653752969371429,0.013531492482314961,18.61377426763722,3.2639860284688494e-06,0.0018066504998114187
1409,0.03314851900689096,0.0033633016990655793,0.026430444725776263,0.03969789499207006,10.146159767700064,1.1311798318937412e-05,0.0033633016990655793
1410,0.031077013020950076,0.0037415719712607194,0.02415354679709383,0.038745016557671146,12.03967694301379,1.3999360816123826e-05,0.0037415719712607194
1471,0.057322470423922654,0.003985698400432577,0.04962953936987158,0.0652008443476457,6.9531169381862625,1.5885791739210805e-05,0.003985698400432577
1473,0.023636498907238606,0.003078149382789301,0.017728706816754862,0.029736147528770646,13.022865166577727,9.475003622766156e-06,0.003078149382789301
1501,0.044867924752162516,0.004654941460688849,0.036094532227469195,0.05409309746349098,10.374764347585506,2.1668480002440037e-05,0.004654941460688849
1502,0.037907313622106475,0.003937225543667044,0.030588090666128866,0.045824765622781254,10.386453608706697,1.5501744981704245e-05,0.003937225543667044
1503,0.03853330312880215,0.004070349291221881,0.030450028634592924,0.04634474617246814,10.563198482144793,1.656774335255047e-05,0.004070349291221881
1504,0.022798085027198232,0.0030153799835310286,0.016938266944418773,0.028651792967689736,13.226461695943605,9.092516445079586e-06,0.0030153799835310286
1505,0.028853608170947696,0.003337495588609266,0.022666227421198715,0.03547330150793696,11.56699560358536,1.1138876803986313e-05,0.003337495588609266
1506,0.02506212546958154,0.003473767923184925,0.018490818923575656,0.032114809811584294,13.860627772377546,1.2067063584148509e-05,0.003473767923184925
1507,0.015962697916722886,0.0026105478718720116,0.010939326144990833,0.0210772252427851,16.35405171162916,6.8149601913354895e-06,0.0026105478718720116
1508,0.02950437280737183,0.003509500515473458,0.022604318698091833,0.0362089837583107,11.894848734410616,1.2316593868108464e-05,0.003509500515473458
1509,0.035570633566034855,0.0037455655192762498,0.028465093587935673,0.04309876049401586,10.52993760238434,1.4029261059191163e-05,0.0037455655192762498
1571,0.03354495334532033,0.0034508403378096506,0.027024294541818338,0.04031272528640672,10.28721161805121,1.1908299037054225e-05,0.0034508403378096506
1572,0.04781557866576789,0.005064844971010988,0.038384783932909367,0.05818760939082654,10.592457756109956,2.56526545803753e-05,0.005064844971010988
1601,0.01585725601501153,0.002485348998159957,0.011162191681558508,0.020733742278641137,15.673260214801104,6.176959642654703e-06,0.002485348998159957
1602,0.025632534921417274,0.0030627638637442936,0.019925461721287823,0.03171531323876022,11.94873574983487,9.380522485057874e-06,0.0030627638637442936
1603,0.023086806000051894,0.002864563642350751,0.01764166535470506,0.02869706340476168,12.40779535438688,8.205724861077801e-06,0.002864563642350751
1604,0.016061476158071877,0.002501673476802192,0.01156076328270733,0.021264835904336123,15.575613674493722,6.258370184535569e-06,0.002501673476802192
1605,0.01374952124079024,0.002590694956150019,0.008776581966715949,0.018763304226350922,18.842073922285323,6.711700355821149e-06,0.002590694956150019
1606,0.017963557506797755,0.002681962151030681,0.012797318958043445,0.02311738224704046,14.93001678546009,7.192920979561117e-06,0.002681962151030681
1607,0.01284446805346441,0.002093632358158685,0.009020010356248156,0.017113067515991134,16.29987594226598,4.3832964511290946e-06,0.002093632358158685
1608,0.01016340513392561,0.00217443342735484,0.00617191761888925,0.01457685662997979,21.394733346765307,4.728160729998116e-06,0.00217443342735484
1609,0.04151387424259806,0.004097186939814113,0.033530825922056945,0.04945944694546338,9.869440071699987,1.6786940819783338e-05,0.004097186939814113
1610,0.01858996586282616,0.002719488278036554,0.013424831929554739,0.024082893529781695,14.628796513686124,7.395616494378221e-06,0.002719488278036554
1611,0.009095289799791541,0.002140000872604566,0.005377421534879154,0.013643359537343303,23.52867164995241,4.579603734748304e-06,0.002140000872604566
1612,0.006460315903393571,0.001728132894991332,0.0033981537152090358,0.009971990387076307,26.749975091520717,2.986443302751122e-06,0.001728132894991332
1613,0.0056992316613016895,0.0016581151790354151,0.002771710693585409,0.009080807280834836,29.093661699947564,2.749345946947647e-06,0.0016581151790354151
1671,0.03535513167477242,0.0032766518157093653,0.02905453893593625,0.0418041942665007,9.267825236378382,1.073644712139148e-05,0.0032766518157093653
1672,0.042983830704268554,0.004449827917070087,0.034162052457083994,0.051623272666136505,10.352329804398268,1.9800968491536314e-05,0.004449827917070087
1673,0.012550575140743246,0.0024326412774617443,0.007990649760936889,0.017338715319239806,19.382707566640512,5.917743584810706e-06,0.0024326412774617443
1674,0.029593986794974197,0.003646642005553537,0.02236938749985017,0.036591151217506,12.322239753694925,1.3297997916667525e-05,0.003646642005553537
1701,0.026826178485895164,0.0034843752760938813,0.020300421366659018,0.034007706758122924,12.988712790105076,1.2140871064654311e-05,0.0034843752760938813
1702,0.01670381670672255,0.0028010024539421472,0.011451513107550554,0.022315223747777505,16.768637390608266,7.845614746989931e-06,0.0028010024539421472
1703,0.04724480737800144,0.004547567400335938,0.03843650904620246,0.05620127200434157,9.625539086129109,2.0680369260598158e-05,0.004547567400335938
1704,0.011993676753184256,0.002390961676014994,0.007414716460617233,0.016685509876680542,19.9351852248328,5.71669773617243e-06,0.002390961676014994
1705,0.02784263335862199,0.003790287168734457,0.02055089062762544,0.03521185032178775,13.613249579931432,1.4366276821473065e-05,0.003790287168734457
1706,0.03859294247644985,0.004076908070193357,0.030558401672265832,0.046402669409389884,10.56386947608663,1.662117941280772e-05,0.004076908070193357
1707,0.021362235745480903,0.0034029026105452977,0.014630565896957118,0.027847640584954873,15.929524657854074,1.1579746176856003e-05,0.0034029026105452977
1708,0.05163898916706819,0.00504674049337225,0.04211506095831529,0.06170034764025577,9.773120223257035,2.5469589607443187e-05,0.00504674049337225
1709,0.03683778803200885,0.00434191469500814,0.028169583520015563,0.04516227303358253,11.786578203977372,1.8852223218727632e-05,0.00434191469500814
1771,0.04711293714037012,0.004369250769537369,0.038944108184221775,0.05600358554392554,9.273993588044517,1.9090352287102886e-05,0.004369250769537369
1801,0.021218706301195444,0.0032910461453892863,0.014953044348222696,0.027635673095029376,15.510116868924623,1.083098473108168e-05,0.0032910461453892863
1802,0.020315485316564047,0.0027729579465343404,0.01524818218840217,0.02586900499405486,13.649479219053823,7.689295773247945e-06,0.0027729579465343404
1803,0.025964216656476018,0.0030284341185988464,0.020241677775189496,0.03194621917969215,11.663876321273463,9.171413210693573e-06,0.0030284341185988464
1804,0.03593384994657128,0.0035750984470874674,0.028965196728688147,0.042948571489454426,9.949110525042961,1.2781328906367221e-05,0.0035750984470874674
1805,0.03493353561288417,0.0032692039378534295,0.028595920933109406,0.041389846286073874,9.358354030010302,1.068769438727637e-05,0.0032692039378534295
1806,0.01835539823354038,0.002607523244471406,0.013161965576750987,0.023248563278524346,14.205756863976621,6.799177470458688e-06,0.002607523244471406
1807,0.036189188574899236,0.0038213792016443884,0.02897517422274845,0.0440441733047746,10.55944980290299,1.4602939002760303e-05,0.0038213792016443884
1808,0.029804968583511032,0.0034543760397913723,0.0227584435375924,0.03631936002247305,11.589933504249466,1.1932713824284724e-05,0.0034543760397913723
1809,0.033262203972242145,0.003776314474866923,0.02633725035382254,0.040990204463927433,11.353169735890981,1.4260551013089445e-05,0.003776314474866923
1810,0.03855546747815767,0.003916493061271019,0.031188372433002487,0.04649862409312015,10.158074372953147,1.5338917898984032e-05,0.003916493061271019
1811,0.023348188479734227,0.0034391681713529416,0.01682445965477185,0.0302169613457677,14.729914375747278,1.1827877710847137e-05,0.0034391681713529416
1812,0.027663045405502126,0.003591213743418358,0.021091568577202992,0.03515982022377153,12.981989837981006,1.2896816150916896e-05,0.003591213743418358
1813,0.007618154019799787,0.0018315905956341162,0.00421290789084746,0.011268265217558904,24.04244638364836,3.3547241100153366e-06,0.0018315905956341162
1871,0.050073409307644534,0.0040305015280964075,0.04251310188010188,0.05809267034112135,8.049185353714442,1.6244942567987476e-05,0.0040305015280964075
1872,0.0331719236942041,0.004022115058573073,0.025641590200856518,0.04132066574105202,12.125058213840727,1.617740954440028e-05,0.004022115058573073
1901,0.0326657676722736,0.003799642462372027,0.02552616487749387,0.04028034356278673,11.631878670333922,1.4437282841860563e-05,0.003799642462372027
1902,0.017971022469969768,0.002953303109435046,0.012382434063228776,0.023979758520454218,16.43369549156217,8.721999256198711e-06,0.002953303109435046
1903,0.01761786899882989,0.0029281121524585736,0.01202008973992434,0.02328039433149696,16.620126717102092,8.57384077737558e-06,0.0029281121524585736
1904,0.024162343341579566,0.0034141361132591884,0.017827280484812264,0.031116117177938767,14.129987580236063,1.1656325399860558e-05,0.0034141361132591884
1905,0.0068597044541303855,0.0017297702290827656,0.003628155810501617,0.010198715378945301,25.21639584692649,2.9921050454210432e-06,0.0017297702290827656
1906,0.009735419337605982,0.002191420354275062,0.005797289791798838,0.014028353742323045,22.509768488451673,4.802323169131038e-06,0.002191420354275062
1971,0.03688654620466276,0.004215478415429012,0.02888119457500589,0.04501186707716122,11.428227495303265,1.7770258270947893e-05,0.004215478415429012
2101,0.01508812827484213,0.0025741944262356676,0.010201207034466966,0.02014674972812095,17.06105873004716,6.626476944062777e-06,0.0025741944262356676
2102,0.028425193956267584,0.003501034629621466,0.02162790249495217,0.03514467224455227,12.316660477349211,1.2257243477808717e-05,0.003501034629621466
2103,0.007166699524776717,0.0018269819720947893,0.0037908296562382897,0.010762246184977307,25.49265482358436,3.3378631263593653e-06,0.0018269819720947893
2104,0.005127453200330353,0.0015615464881092514,0.0022970455436197475,0.00817321326533442,30.45462195556741,2.4384274345263365e-06,0.0015615464881092514
2105,0.005994791175411602,0.0015999752362591694,0.0030231926899778982,0.00904871346826516,26.689424025672004,2.5599207566425848e-06,0.0015999752362591694
2171,0.042398358844443776,0.0036077634745340288,0.035527536524420124,0.04947647830705316,8.509205480737185,1.3015957288181847e-05,0.0036077634745340288
2172,0.02310121858262592,0.0032759205669034928,0.016551286194304952,0.029340480234667943,14.180726246914366,1.0731655560661302e-05,0.0032759205669034928
3101,0.014656441504431688,0.002670476912621181,0.009708942734395912,0.02008045917885605,18.220499920213957,7.131446940842754e-06,0.002670476912621181
3171,0.03900518483378616,0.0031217482675740863,0.03286764547449026,0.04497078762693203,8.003418727220177,9.745312246101809e-06,0.0031217482675740863
3172,0.017588701987030712,0.002062521489782558,0.013521777268124513,0.021492315368857224,11.726399658732001,4.2539948958148635e-06,0.002062521489782558
3173,0.026949643820650224,0.0033262779496840136,0.02025803089533716,0.03320630114880032,12.34256738909197,1.1064124998554084e-05,0.0033262779496840136
3174,0.030830702303237152,0.002834278492844988,0.02529477903156239,0.03632527375184243,9.193039019897368,8.033134575003655e-06,0.002834278492844988
3175,0.03813755883735748,0.0031753708002054738,0.03203805345233527,0.04447526654162381,8.326098725267789,1.008297971879755e-05,0.0031753708002054738
3201,0.026193213143180273,0.0023869763128401907,0.021501980618146673,0.03076341143219923,9.112957237404338,5.697655918060151e-06,0.0023869763128401907
3202,0.026876752241393093,0.002698045703219574,0.021736360320306826,0.03223092456859154,10.038585313385793,7.279450616661606e-06,0.002698045703219574
3203,0.016956050035578905,0.0021322648009219113,0.012914362375724535,0.021150155647388428,12.575244803169234,4.546553181250558e-06,0.0021322648009219113
3204,0.01697270264610472,0.0020181654406434646,0.013210063317917645,0.020937322374484934,11.89065455704922,4.072991745807629e-06,0.0020181654406434646
3205,0.021908848418087736,0.002289738667790943,0.017583730271690756,0.0263855560961712,10.451205029564935,5.2429031667770435e-06,0.002289738667790943
3206,0.03192699624636924,0.0031801074947828433,0.02537090042353835,0.03799060649251628,9.960559616204069,1.0113083678374012e-05,0.0031801074947828433
3207,0.035408497590577744,0.0033006106355638544,0.029204196856008717,0.04201700527837615,9.321521273588722,1.089403056759723e-05,0.0033006106355638544
3208,0.03740220150832043,0.0035616306462245,0.03080715856796122,0.04478869067945047,9.522516062141918,1.2685212860125549e-05,0.0035616306462245
3209,0.06111692593983787,0.0038985372797226458,0.053736233576735994,0.0688859802263284,6.378817683926509,1.5198592921387248e-05,0.0038985372797226458
3210,0.04833909275458015,0.003964360952227171,0.04049586897557534,0.05608232733807106,8.201148855553452,1.5716157759543527e-05,0.003964360952227171
3211,0.02942609511973186,0.003174565028061834,0.023614697618572753,0.035996459181904215,10.788264685289855,1.0077863117393231e-05,0.003174565028061834
3212,0.019133007038606827,0.0024871857718180377,0.014383472233697106,0.02399494091565795,12.99945046170402,6.186093063534088e-06,0.0024871857718180377
3213,0.01724763989189416,0.0024478648476636026,0.01252073914512825,0.02200440710589719,14.192462638404347,5.992042312427153e-06,0.0024478648476636026
3214,0.05271874621000455,0.004195336726134369,0.04486828007479857,0.06113438419186015,7.957959981487971,1.7600850245651846e-05,0.004195336726134369
3215,0.04857882995815493,0.0035766021588996707,0.04126733130144312,0.05522365032653912,7.362470775810166,1.2792083003045786e-05,0.0035766021588996707
3216,0.043941813044746876,0.003298411866720869,0.037573223778613954,0.0503692520888235,7.506317191241123,1.0879520842525048e-05,0.003298411866720869
3217,0.022799910067886755,0.0024965495894994105,0.018033894768226102,0.027741351827722867,10.949822091692168,6.232759852829676e-06,0.0024965495894994105
3218,0.027211205348340317,0.0034156371010309106,0.020283931448925062,0.03374457835922266,12.552318272219571,1.1666576805938843e-05,0.0034156371010309106
3271,0.05222989589709556,0.004177593148318215,0.04415071995376555,0.06032291809012233,7.998471137198888,1.745228451287529e-05,0.004177593148318215
3272,0.04284538836684912,0.0041190157230949044,0.03493829625772212,0.05091570197304894,9.613673443282222,1.6966290527103036e-05,0.0041190157230949044
3273,0.03908242916183444,0.0031527538518802286,0.03292908957359237,0.04525062031618057,8.066934219531625,9.939856850545617e-06,0.0031527538518802286
3274,0.051342311440963816,0.0049339038994964555,0.042449364183711154,0.0615726370147735,9.60982036262572,2.4343407689466334e-05,0.0049339038994964555
3275,0.047066928737133126,0.003376290597820008,0.040317757329041234,0.05356716926857004,7.17338200815365,1.1399338200927787e-05,0.003376290597820008
3276,0.04772400313654481,0.0034773582542448624,0.040999750217990134,0.05464740234498487,7.286392644589498,1.2092020428364879e-05,0.0034773582542448624
3277,0.055305823360441105,0.0044460586632948,0.046576030276687955,0.06377614358926781,8.039042533222563,1.9767437637458745e-05,0.0044460586632948
3278,0.03190962075673774,0.003445485805271768,0.025464411164627995,0.03882741756617385,10.797639469106667,1.1871372434329244e-05,0.003445485805271768
3279,0.017382213807807623,0.0029136259380239714,0.011916908241367163,0.023221644344504924,16.76211080038176,8.489216106726067e-06,0.0029136259380239714
3301,0.038828673605026356,0.003270810017131299,0.03245639888866877,0.04506064881685188,8.423697524161355,1.0698198168166447e-05,0.003270810017131299
3302,0.05257053311761624,0.003728096740114615,0.045092172360382286,0.05990003306577005,7.091609156357101,1.389870530365322e-05,0.003728096740114615
3303,0.07860087934818413,0.004808145453877903,0.06949748937737552,0.08847959920024541,6.117164965265726,2.3118262705646748e-05,0.004808145453877903
3304,0.049933581348863915,0.003933108975421576,0.04218328282856117,0.057561199014721155,7.876681121553605,1.5469346212541763e-05,0.003933108975421576
3305,0.05735632916257555,0.004114837059088362,0.04885263825395707,0.06508448077904365,7.174163896411373,1.6931884022846965e-05,0.004114837059088362
3306,0.03837498463463462,0.0037120568071668998,0.03127506023603543,0.045685676075952676,9.673116074205938,1.377936573963412e-05,0.0037120568071668998
3307,0.05685911588196459,0.00428085050215869,0.04861758637467127,0.06543224639862157,7.5288727862836025,1.8325681021832302e-05,0.00428085050215869
3308,0.05490313579660396,0.004149438013813006,0.04713929691883308,0.0632476625525468,7.557743202838461,1.721783583047643e-05,0.004149438013813006
3309,0.08311148040310443,0.005046006015326151,0.0735565515479806,0.09325252254030339,6.071370634781365,2.5462176706707705e-05,0.005046006015326151
3310,0.08430581269687597,0.00497347862182485,0.07464764606484675,0.09379186139753296,5.899330618764259,2.473548960174881e-05,0.00497347862182485
3311,0.0661457626252892,0.004615214842035587,0.05705075906692777,0.07502585800348384,6.9773401331547635,2.1300208038145568e-05,0.004615214842035587
3312,0.07276545755153098,0.00477658934723354,0.06383887427672423,0.08257412375878988,6.564363790127834,2.2815805792104937e-05,0.00477658934723354
3313,0.04304836979955472,0.0037209037063413333,0.03561499761240148,0.05014372313048262,8.643541494525588,1.384512439186467e-05,0.0037209037063413333
3314,0.060377929569062204,0.0045955801087290155,0.05139379183996488,0.06939626926053338,7.611357563151357,2.1119356535745787e-05,0.0045955801087290155
3315,0.0403225137562096,0.0034976443991423987,0.033549297712047205,0.04722876721824165,8.674172498989519,1.223351634285219e-05,0.0034976443991423987
3316,0.05919684250980167,0.004587064889080054,0.04970682218204372,0.06791316810082226,7.748833712407108,2.1041164296631002e-05,0.004587064889080054
3317,0.03886690467431555,0.0037411914607567223,0.03140174638853725,0.0461191166857557,9.625648072842335,1.3996513546039016e-05,0.0037411914607567223
3318,0.04765523702272364,0.003956359410969421,0.03966729160657532,0.055228978607643225,8.302045395520526,1.565277978876631e-05,0.003956359410969421
3319,0.05544581267655322,0.004290456162214558,0.04712079792400999,0.06373038598910734,7.738106729976554,1.8408014079884876e-05,0.004290456162214558
3320,0.047185372157946354,0.003880838801604408,0.03996978044652737,0.05498025988670489,8.22466502672449,1.5060909804038337e-05,0.003880838801604408
3321,0.04570257593004987,0.0038078363217236284,0.03848787801563279,0.05338771396954079,8.331776150980454,1.4499617453037733e-05,0.0038078363217236284
3322,0.0734030973167095,0.004715063282891535,0.06403837143977684,0.08255874332388374,6.423520880253368,2.2231821761671898e-05,0.004715063282891535
3323,0.07363729729485499,0.004856589684619448,0.0645902849896887,0.08318322156894653,6.595285083825009,2.3586463364752022e-05,0.004856589684619448
3324,0.05694992172411308,0.004161503627440531,0.049134654663092595,0.06537070375027292,7.307303507106516,1.7318112441200698e-05,0.004161503627440531
3325,0.040170787279803125,0.003759159386013605,0.03308125711704928,0.04752628354524064,9.35794302419265,1.4131279289454183e-05,0.003759159386013605
3326,0.036151603623454494,0.0033102279055077137,0.029707351552695004,0.04245419773815379,9.15651748117779,1.0957608786401985e-05,0.0033102279055077137
3327,0.06840230495990471,0.0043330481959108,0.06024448474701843,0.07717729352493512,6.334652316834494,1.877530666808584e-05,0.0043330481959108
3328,0.047398543275379235,0.00380588845895106,0.04026752030624298,0.055022578928964255,8.02954731507117,1.4484786961976876e-05,0.00380588845895106
3329,0.05206894832120064,0.003707097197166923,0.044985818905530446,0.05945760025966521,7.119592994847418,1.3742569629242856e-05,0.003707097197166923
3371,0.05787526223349043,0.005633438654095249,0.04681938756212619,0.06884391927211367,9.733759186036778,3.1735631069454485e-05,0.005633438654095249
3372,0.06983820970529947,0.005312420016757869,0.059511562235761595,0.0801710241351146,7.606752863761844,2.822180643444968e-05,0.005312420016757869
3373,0.07460046101901066,0.006168451032392031,0.06291776248778151,0.08690704402313557,8.268650016546285,3.804978813901831e-05,0.006168451032392031
3374,0.08104612138829398,0.004595882872982233,0.07246235512033034,0.09029339992748459,5.670700576728705,2.112213938217143e-05,0.004595882872982233
3375,0.050817964692429586,0.00470518084279352,0.041894376858851834,0.06015803657657634,9.258892738564274,2.2138726763391134e-05,0.00470518084279352
3376,0.04927695986487491,0.004918895609129659,0.040074115194601,0.05942539708512941,9.982140989659339,2.4195534013515046e-05,0.004918895609129659
3401,0.054235422770585684,0.0045013227188107855,0.04534700350472931,0.06318393512130083,8.299599208161895,2.0261906218882122e-05,0.0045013227188107855
3402,0.07420695106705032,0.004818563564137483,0.06498341858592264,0.08371092561672203,6.493412672060369,2.3218554821633325e-05,0.004818563564137483
3403,0.058024208965405465,0.004384645659362122,0.04944552703412604,0.06639465610131255,7.556579809603756,1.9225117558163094e-05,0.004384645659362122
3404,0.05144660057982389,0.004128087497585665,0.04373585377524758,0.059663177307209825,8.024023844258819,1.7041106387723082e-05,0.004128087497585665
3471,0.1110217829342102,0.006864671728359656,0.09767191086379799,0.12461403950197278,6.183175541711085,4.7123717938140344e-05,0.006864671728359656
3501,0.04113020193702432,0.004038409916392984,0.03345254215294642,0.049065309080575,9.818599778761879,1.6308754652821187e-05,0.004038409916392984
3502,0.056863489304080826,0.004338891668163356,0.048158510070990854,0.06530729228874062,7.630364793410549,1.882598090805739e-05,0.004338891668163356
3503,0.05108682558973545,0.00422948464658684,0.04294306585864459,0.0594563012770922,8.279012441588549,1.788854037571381e-05,0.00422948464658684
3504,0.05154512084336902,0.004233977739902354,0.043181838709565046,0.059782332000846476,8.214119339768763,1.792656750198864e-05,0.004233977739902354
3505,0.04907115820319656,0.004121833689444981,0.040794176997107856,0.056865688812942364,8.399707364511482,1.6989512963443623e-05,0.004121833689444981
3506,0.05013900859284342,0.003825450591757851,0.04264213256187896,0.05756269516589028,7.629689335947252,1.4634072229980492e-05,0.003825450591757851
3507,0.053182381282709926,0.0035973822385754156,0.046166739392313715,0.06025998894141374,6.764236861550533,1.2941158970417868e-05,0.0035973822385754156
3508,0.02624950267473364,0.002944617781346015,0.020348799257484094,0.03183138268657801,11.217804077409609,8.670773878219126e-06,0.002944617781346015
3509,0.03414695931630323,0.0028819816035392746,0.028310652934503786,0.03961551628166301,8.439936267365663,8.305817963138809e-06,0.0028819816035392746
3510,0.026408182958864504,0.0027296089358488968,0.02115278865168352,0.031704274492871755,10.336223965506274,7.4507649426661465e-06,0.0027296089358488968
3511,0.02878121678482289,0.0033261350084790257,0.022615987372068727,0.03545587163899056,11.556617058084168,1.1063174094629769e-05,0.0033261350084790257
3512,0.028268134962573813,0.003361746449454374,0.021926832931561294,0.03502093659716857,11.89235318815772,1.130133919041909e-05,0.003361746449454374
3513,0.018106422459258573,0.002342230116559395,0.013673486990499051,0.022852100898739285,12.935907807462621,5.4860419189178384e-06,0.002342230116559395
3514,0.026214762405990504,0.002707837468050882,0.02131890258270288,0.03181411538901385,10.32943738384635,7.332383753380211e-06,0.002707837468050882
3515,0.06260220868645684,0.0039266627461370515,0.05498902845986798,0.07033756391102945,6.272402888856113,1.5418680321900567e-05,0.0039266627461370515
3516,0.047165545924815824,0.0038604553393244336,0.03974373423413165,0.05462563491663068,8.184905450852169,1.4903115426918526e-05,0.0038604553393244336
3517,0.04494685270867815,0.0037401840979439556,0.03812606315867767,0.05259375137014743,8.32134815353115,1.3988977086512842e-05,0.0037401840979439556
3518,0.053922917218651764,0.0042620459957291214,0.045566941601548165,0.062217649670669097,7.903960348523009,1.8165036069710637e-05,0.0042620459957291214
3519,0.05230206792924035,0.00434195971865159,0.04389166809359529,0.06079391143276016,8.301697983578475,1.8852614198392993e-05,0.00434195971865159
3520,0.06336316675723881,0.004822237106799523,0.05405053212464435,0.07284764740526296,7.610473645161707,2.325397071419424e-05,0.004822237106799523
3521,0.03886512392812094,0.003897971361852149,0.03154832294416305,0.04660109681920996,10.029483937993476,1.5194180737819497e-05,0.003897971361852149
3522,0.018504844385807146,0.0023166525740313695,0.014051596634982035,0.02323655926705508,12.519168093130235,5.36687914876617e-06,0.0023166525740313695
3523,0.055499222779424144,0.004098256110923299,0.04756716693234782,0.06355705577195127,7.384348655135928,1.6795703150720166e-05,0.004098256110923299
3524,0.08932149757202806,0.005152055111064131,0.07929030560099021,0.09921525364670361,5.7679900708220435,2.6543671867442035e-05,0.005152055111064131
3525,0.043034511963431284,0.0035312675069576064,0.03637231585599142,0.049984530386523944,8.2056641189711,1.2469850205694588e-05,0.0035312675069576064
3526,0.015037262866154422,0.0022386727853274863,0.01092297594437239,0.019609043903185148,14.887501836296602,5.0116558397659255e-06,0.0022386727853274863
3527,0.026325637362557195,0.0029778497630437543,0.02064850020261716,0.032247226386920846,11.311596076603005,8.867589211259744e-06,0.0029778497630437543
3528,0.027183307795863948,0.0030165099277055353,0.021415107670418508,0.033199595157450836,11.096920030330192,9.099332143946055e-06,0.0030165099277055353
3529,0.02154774379484371,0.0028303060580186818,0.016170657866011885,0.027372836580559803,13.135045993520505,8.010632382057248e-06,0.0028303060580186818
3571,0.05072424868088361,0.0047111728350834586,0.041384897533540514,0.05980905125450831,9.28781195897526,2.2195149482028315e-05,0.0047111728350834586
3572,0.06249857163524062,0.005508623456689969,0.05254356765624538,0.07417831596928094,8.813998964392109,3.034493238759494e-05,0.005508623456689969
3573,0.05810159436560595,0.004409379431999609,0.049823204440766405,0.06676079847140275,7.589085084745633,1.94426269753412e-05,0.004409379431999609
3574,0.052482075472424256,0.0047913319190070625,0.043365870636486344,0.06169798406418065,9.129463489919678,2.2956861558095898e-05,0.0047913319190070625
3575,0.041705008306108564,0.004564352922657519,0.03286984590683939,0.05065272529383713,10.94437600672765,2.0833317602572234e-05,0.004564352922657519
3576,0.0697393943449022,0.0060574660636988934,0.05841235085077465,0.08230705790516733,8.68585986528815,3.669289511286377e-05,0.0060574660636988934
3577,0.06148818330491947,0.005799406004748927,0.050811467201817534,0.07340218514853615,9.431740690710786,3.363311000791791e-05,0.005799406004748927
3578,0.06185772025163027,0.0037718843518676597,0.05451462910559813,0.06922975602072144,6.097677600344883,1.4227111563864115e-05,0.0037718843518676597
3579,0.060419812790027005,0.005167638414824602,0.050643251300171596,0.07084656466219731,8.55288716763052,2.670448678637093e-05,0.005167638414824602
3601,0.011609247634755694,0.0019174124358042367,0.007842751898603707,0.015303851930289032,16.516250631642134,3.676470448976736e-06,0.0019174124358042367
3602,0.016111869597411236,0.0022776322718584267,0.01176244743840403,0.020488173761155914,14.136362376122905,5.187608765810979e-06,0.0022776322718584267
3603,0.01718835852765127,0.0020524439089562945,0.013015050129882065,0.021067724949489098,11.940895377848241,4.212525999411794e-06,0.0020524439089562945
3604,0.020767499250302992,0.002388107422444177,0.016561291941731223,0.02581107652284959,11.49925368317678,5.703057061132971e-06,0.002388107422444177
3671,0.03879965390646622,0.003194112154309791,0.032731084886615705,0.045190454907841904,8.232321252168363,1.0202352454309534e-05,0.003194112154309791
3672,0.03343096649506502,0.003685626388253719,0.0265127441079414,0.040901469943737175,11.024588202670659,1.3583841873792155e-05,0.003685626388253719
3673,0.03438264842478478,0.0033269359282439895,0.028029492458424978,0.04091237754080832,9.676206111701864,1.1068502670640695e-05,0.0033269359282439895
3674,0.02542655808733198,0.0027282435493567484,0.01983333974701838,0.030567687633330128,10.729897220009553,7.443312864606708e-06,0.0027282435493567484
5101,0.014665112449402735,0.002599423917336938,0.009936265169759073,0.0200537367143764,17.725223221474888,6.757004702023314e-06,0.002599423917336938
5102,0.06853129829515708,0.004764513465975811,0.05952364262996769,0.07812089547762215,6.952317531554055,2.270058856746483e-05,0.004764513465975811
5103,0.060541179190539654,0.004367501539664333,0.05207297094541681,0.06925333081023154,7.214100547857866,1.9075069698970326e-05,0.004367501539664333
5104,0.0418289363783135,0.003677642732486435,0.03477697103418982,0.049121470562532694,8.79210195359673,1.3525056067810292e-05,0.003677642732486435
5105,0.01646835278581474,0.002658190572509129,0.011381437005810393,0.021729882259926083,16.141204934587027,7.06597711977641e-06,0.002658190572509129
5106,0.03429640283894812,0.0037095553931421254,0.02701664491267603,0.041501684017202826,10.816164629747794,1.376080121478983e-05,0.0037095553931421254
5107,0.03222126033534897,0.003677016512859965,0.02548242233263874,0.03961237152778029,11.41177121748407,1.3520450435844857e-05,0.003677016512859965
5108,0.025906051475002544,0.0031173439116839283,0.020022567587451613,0.03205754558983205,12.033265334518225,9.717833063712855e-06,0.0031173439116839283
5171,0.05322926484660928,0.0037592866032966233,0.04577768287022193,0.06040792538019789,7.062443214516969,1.4132235765725463e-05,0.0037592866032966233
5201,0.02747930055602785,0.0031528990977514,0.021558016434275677,0.03371768974467253,11.473723981157814,9.940772720601594e-06,0.0031528990977514
5202,0.020247101940732502,0.002677718660882038,0.014931815293380226,0.025364108415559857,13.22519474006838,7.170177226835895e-06,0.002677718660882038
5203,0.008140141418958968,0.0016654864088915427,0.004868671386440409,0.01133290126708203,20.46016553241331,2.773844978202447e-06,0.0016654864088915427
5204,0.014790989486481994,0.002418837256466604,0.010162880455012775,0.019580551344332116,16.35345125947973,5.850773673270888e-06,0.002418837256466604
5205,0.019892963085984743,0.0029362849507221433,0.014181764550365976,0.02552235372069656,14.760420245241665,8.621769311837339e-06,0.0029362849507221433
5206,0.022788755509987418,0.003034263307290993,0.016959030858847358,0.028772175781445825,13.314738955188643,9.206753817972476e-06,0.003034263307290993
5207,0.01133502410130956,0.0023369422724064635,0.006784628104957453,0.01579647746107734,20.617003118118394,5.461299184560286e-06,0.0023369422724064635
5208,0.02465570668502024,0.003536122628119365,0.017741379090795418,0.0315334599042211,14.342004767065806,1.2504163241097806e-05,0.003536122628119365
5271,0.03011410942536147,0.003405133168829439,0.02362621989835413,0.03704043910839996,11.307434401369704,1.1594931897462417e-05,0.003405133168829439
5272,0.04855907824899949,0.004716710980243052,0.03936918989766715,0.057862621754121824,9.713345372943184,2.224736247114538e-05,0.004716710980243052
5301,0.006761398569732274,0.0015942695299337771,0.0037499183180037077,0.009904569692305808,23.578990551904475,2.541695334075267e-06,0.0015942695299337771
5302,0.012237981535043171,0.002160255951537173,0.008114083165453258,0.01645844909044423,17.652060883989172,4.666705776151777e-06,0.002160255951537173
5303,0.0077847817444663524,0.0017406733875392525,0.00456145372008726,0.01133227992042239,22.35995105163447,3.0299438420873765e-06,0.0017406733875392525
5304,0.009057813040313398,0.001769408558818115,0.0058395513589128475,0.012613779402892569,19.534611179796375,3.1308066480187983e-06,0.001769408558818115
5305,0.011591816137100825,0.002239816871307097,0.0074928324601245145,0.016067208457349796,19.322398188652492,5.016779616991913e-06,0.002239816871307097
5306,0.013515612759589835,0.002439784323603879,0.008918785413306866,0.018414058867092156,18.05159978316751,5.9525475457032366e-06,0.002439784323603879
5307,0.002375256724829075,0.0008614362842882816,0.0009439585809218865,0.004149497083374048,36.26708116573257,7.420724718884012e-07,0.0008614362842882816
5308,0.012089513166624558,0.0023799485395760486,0.007668550408293365,0.016911428591983246,19.686057716090318,5.664155051030167e-06,0.0023799485395760486
5309,0.02308979237738327,0.0031990089273650456,0.01694969412075393,0.029362809187168583,13.854645702654796,1.023365811736126e-05,0.0031990089273650456
5310,0.021183624566449902,0.0027774313985791067,0.015811234883675352,0.026791355541984238,13.111218950594195,7.714125173813093e-06,0.0027774313985791067
5311,0.015447795796644367,0.002526415910707503,0.010620398438033779,0.02036254086225642,16.354539793025367,6.382777353876023e-06,0.002526415910707503
5312,0.007918043392817299,0.0017968168411631007,0.004467391680403284,0.011399615199547772,22.69268747368887,3.2285507606873435e-06,0.0017968168411631007
5313,0.005746899466169604,0.0014464476326070137,0.0032236929830475208,0.008703603844951056,25.169182811041814,2.0922107538744345e-06,0.0014464476326070137
5314,0.007940440520256033,0.0018431292728978224,0.00453729659682667,0.011610555116738704,23.21192719970645,3.3971255166128557e-06,0.0018431292728978224
5315,0.019298241103308456,0.00291595034954341,0.013832567877078318,0.025206100589652874,15.109928070302244,8.502766441002333e-06,0.00291595034954341
5316,0.002851200327221265,0.0009613142686088023,0.001069857533201085,0.00466454465331546,33.716125080053004,9.241251230308765e-07,0.0009613142686088023
5317,0.005407837079671911,0.0012981030489791709,0.0031079954912008705,0.008096870371539461,24.004107924381586,1.6850715257690196e-06,0.0012981030489791709
5318,0.006303788191806513,0.0015433600280926369,0.0034222137122886585,0.009305943741024291,24.4830565547658,2.3819601763141046e-06,0.0015433600280926369
5319,0.005740563503426902,0.001560043046970898,0.0030958644377391074,0.009093997616066265,27.175782412991524,2.4337343084022433e-06,0.001560043046970898
5320,0.004187015370618598,0.0012851809112183516,0.0018738611011739083,0.006721201814654417,30.69443977294204,1.6516899745600326e-06,0.0012851809112183516
5321,0.011503768720854254,0.002314515107901921,0.007107919713935288,0.01607569580714537,20.11962482961017,5.356980184706241e-06,0.002314515107901921
5371,0.028437592565977794,0.003295369601649584,0.0221584104918973,0.03487622758360259,11.588075164956486,1.085946081147614e-05,0.003295369601649584
6101,0.013845088134986508,0.0021984999201206347,0.00952533016047217,0.018071470641955346,15.879277175311222,4.8334018987704375e-06,0.0021984999201206347
6102,0.02494118165791455,0.0032394185203617337,0.018855635432613566,0.03144648880459535,12.988231932201872,1.0493832350062603e-05,0.0032394185203617337
6103,0.007771680326399736,0.0017156625377918438,0.0047000000998826215,0.011284180995020533,22.075824863303815,2.9434979435823497e-06,0.0017156625377918438
6104,0.024898404149085687,0.00317336931087621,0.018746524262251717,0.03107769870927369,12.745271913311527,1.007027278321095e-05,0.00317336931087621
6105,0.011462721855474353,0.0021065075209459583,0.007550681565591015,0.015648473645725972,18.377027267218693,4.437373935801887e-06,0.0021065075209459583
6106,0.012510683707355636,0.002232495162770374,0.008269973551931672,0.016958604970060433,17.84470948984013,4.98403465179312e-06,0.002232495162770374
6107,0.015743467960774096,0.0025077961838109557,0.011153874212859861,0.02084396467340166,15.92912177964409,6.289041699536794e-06,0.0025077961838109557
6108,0.024887775879579993,0.0033895313969389373,0.01827445760440615,0.03132247693728488,13.619261975594982,1.1488923090834823e-05,0.0033895313969389373
6109,0.009718641612215478,0.0021836515128233883,0.0056803513711785325,0.014027453362157487,22.46869058407021,4.768333929455873e-06,0.0021836515128233883
6110,0.050453461281288685,0.004807829333299627,0.040826019975656144,0.059416996379872085,9.52923587639501,2.3115222898136338e-05,0.004807829333299627
6111,0.01702052945291187,0.0028089981793033747,0.01159874881426239,0.022433919622861852,16.50358872251657,7.890470771329674e-06,0.0028089981793033747
6112,0.0194035906270106,0.0026570168608266954,0.0143069603428205,0.02456170924990319,13.693428767395337,7.059738598717348e-06,0.0026570168608266954
6171,0.041845300865852114,0.0037868054846194868,0.034549667246769646,0.04921087282571513,9.049535805129585,1.4339895778344226e-05,0.0037868054846194868
6172,0.05298943507967469,0.004594148955423804,0.04389852600301926,0.06178739807711981,8.669933824574768,2.1106204624621627e-05,0.004594148955423804
6201,0.01900474157926954,0.0030169142062311852,0.013442706345885496,0.02525975382206395,15.874534224248801,9.101771327759542e-06,0.0030169142062311852
6202,0.009492322482094053,0.0020262173136345214,0.0058360609157461964,0.01354132578444648,21.34585416221055,4.105556602072297e-06,0.0020262173136345214
6203,0.03698944048793561,0.003919181741703794,0.029142216044020893,0.044463023039526164,10.59540693237051,1.5359985524504384e-05,0.003919181741703794
6204,0.016273370228140696,0.0029088648776139344,0.010995888938683725,0.02232860619135877,17.874999688655674,8.46149487621593e-06,0.0029088648776139344
6205,0.013310833246859192,0.0026217484858123146,0.008458856214174028,0.01867525690609396,19.69635136426143,6.873565122859165e-06,0.0026217484858123146
6206,0.012010412797161692,0.002420524016234396,0.007306907736402731,0.016675716684292175,20.153545570110758,5.85893651316749e-06,0.002420524016234396
6207,0.017887307551239316,0.0030395004048082517,0.011950846155075905,0.02376186705371238,16.992498150442216,9.238562710829525e-06,0.0030395004048082517
6208,0.013243993071797876,0.0025921069912378126,0.008303878549874046,0.018397128677185525,19.5719446332052,6.719018654023946e-06,0.0025921069912378126
6209,0.0028410623259940335,0.001046069455638553,0.000984749806868786,0.004896718671317439,36.819658832107926,1.0942613060199388e-06,0.001046069455638553
6210,0.009731643437014876,0.002181858827934633,0.005512947257721581,0.013937355221633039,22.420250413571516,4.76050794503629e-06,0.002181858827934633
6211,0.0170198070747962,0.0028522360930975364,0.011532676235960295,0.022643111460384658,16.758333866905424,8.135250730768298e-06,0.0028522360930975364
6212,0.018479737638675928,0.0031148002194131192,0.012529285084921843,0.02460124217183156,16.855218836517498,9.701980406856016e-06,0.0031148002194131192
6213,0.008865442975341755,0.00203120994884913,0.005086124747816623,0.012881890175857379,22.91154491093919,4.125813856303685e-06,0.00203120994884913
6271,0.040240611428089317,0.0041935534680263165,0.032149999105442605,0.048699030839311395,10.421197191599015,1.7585890689195544e-05,0.0041935534680263165
6301,0.024044405081433094,0.003276234269179137,0.017767672394057143,0.030509463899344443,13.625765570340603,1.0733710986543754e-05,0.003276234269179137
6302,0.01509645775183411,0.0025034589932475086,0.010454049125168577,0.020024508387903525,16.583088790768528,6.267306930871829e-06,0.0025034589932475086
6303,0.03169764427621078,0.0034822442770418047,0.02486808218394933,0.03824982353272829,10.985814108764052,1.2126025204990402e-05,0.0034822442770418047
6304,0.040107168084278666,0.0041788021282727385,0.031855103454018575,0.04799908583268366,10.419090471537826,1.7462387227256766e-05,0.0041788021282727385
6305,0.022665370971205624,0.003451594860666304,0.015905551116726188,0.0292598102139409,15.228494892279743,1.1913507082178042e-05,0.003451594860666304
6306,0.04905776051487391,0.004907626336162898,0.03975608175704081,0.05890579379335976,10.003771645211863,2.4084796255399667e-05,0.004907626336162898
6307,0.005100244616433177,0.0014495293080379827,0.0025769150421694237,0.008087000860630031,28.420780120379824,2.101135214861073e-06,0.0014495293080379827
6308,0.016694791889015535,0.002857375819870334,0.011366487559822083,0.022574773792685097,17.11537249979358,8.164596575979664e-06,0.002857375819870334
6309,0.020468584571571802,0.0031073540610929455,0.01444143343244134,0.02654762843295591,15.181089098894779,9.655649260990821e-06,0.0031073540610929455
6310,0.027062086418157418,0.0033748462684828895,0.02031037368202338,0.033469825437046595,12.470754162615203,1.1389587335892883e-05,0.0033748462684828895
6311,0.030672182865327167,0.003986614735352736,0.022872731568304105,0.038396436503947314,12.997492721195709,1.5893097048131564e-05,0.003986614735352736
6371,0.03361113665665714,0.0036702815354620133,0.02638194386066657,0.040714493672366875,10.919837591196323,1.3470966549553393e-05,0.0036702815354620133
6372,0.028486692942924288,0.003789470223550631,0.02122528344896751,0.035799739133536214,13.302597922276144,1.436008457517687e-05,0.003789470223550631
6401,0.015189599508165222,0.0026965067686837724,0.010143851717358137,0.02067754229421354,17.752323010453672,7.271148753557401e-06,0.0026965067686837724
6402,0.020972261479580367,0.003086929124079529,0.015236988453690694,0.027337275946684926,14.719104694956794,9.52913141709041e-06,0.003086929124079529
6403,0.01952287040037633,0.0026164932660383703,0.014583731709815154,0.02458708867499195,13.402195539790776,6.846037011224138e-06,0.0026164932660383703
6404,0.01722001079458799,0.0027275521788744546,0.012039807147129626,0.022609636600777805,15.839433618309265,7.439540888482785e-06,0.0027275521788744546
6405,0.00782934082472978,0.0018151450141541063,0.004634313791782085,0.011544622825023934,23.18388041584272,3.2947514224085104e-06,0.0018151450141541063
6409,0.014085364328077339,0.0025650804154125815,0.00932716497319381,0.01919853049037201,18.21096249743024,6.5796375375331824e-06,0.0025650804154125815
6411,0.001620256446003543,0.0007485267897060481,0.00038173176615802744,0.0031078306252222965,46.19804423875819,5.602923549076423e-07,0.0007485267897060481
6471,0.03590940184776173,0.0036138875669391507,0.02918848995849151,0.043312466069806654,10.063903548881887,1.3060183346477374e-05,0.0036138875669391507
6472,0.03507631020934357,0.003410029460917128,0.028427497549412647,0.041569967397687195,9.721745076848961,1.1628300924322759e-05,0.003410029460917128
6474,0.038914142759160004,0.0042774949211291345,0.030420426925826097,0.04707240472533351,10.99213452446477,1.8296962800285538e-05,0.0042774949211291345
6501,0.009278895567271458,0.0020032277188942846,0.005577537636580278,0.013198664291397101,21.589074953705417,4.0129212937464e-06,0.0020032277188942846
6502,0.04350499302382927,0.004432357360708499,0.03491833840410691,0.052420142038918136,10.188157847263039,1.964579177302681e-05,0.004432357360708499
6503,0.006321275095576287,0.0016989812621408602,0.003226859685507997,0.009668553506310774,26.87719228245311,2.8865373291057504e-06,0.0016989812621408602
6504,0.015933722790474027,0.0026006198881300055,0.01103407252417828,0.021042111195480672,16.321483198419802,6.763223802537322e-06,0.0026006198881300055
6571,0.027159625621301486,0.003351757899168858,0.020827176390835225,0.03365855769105226,12.340957662317889,1.1234281014640837e-05,0.003351757899168858
7101,0.014828685013622944,0.002548078035886342,0.010080057181451836,0.020042443111376717,17.183438946511114,6.492701676966399e-06,0.002548078035886342
7102,0.02329232006491714,0.0031879031946442063,0.017155578771631468,0.029391340683836725,13.686499179812584,1.0162726778422736e-05,0.0031879031946442063
7103,0.008862161663507891,0.0020992641186765525,0.0050215741086028125,0.013206385988148571,23.68794655733695,4.406909839962843e-06,0.0020992641186765525
7104,0.0015420828075495918,0.0007204474990731123,0.0003930045863222646,0.0030161402263156225,46.719118814243274,5.190445989207021e-07,0.0007204474990731123
7105,0.029993940427849163,0.0040309427411613745,0.022328775625230095,0.038059334608562756,13.439190328652758,1.6248499382521576e-05,0.0040309427411613745
7106,0.015740076924168633,0.0028450166158220636,0.010249110328560148,0.021214602910376513,18.074985462450865,8.094119544303627e-06,0.0028450166158220636
7107,0.005701542335333936,0.0016106069647521958,0.002741694217160409,0.008863923076175477,28.248618882838887,2.5940547949082806e-06,0.0016106069647521958
7108,0.007135309780423081,0.0018690623714278732,0.0038658460698980813,0.010928970475912101,26.194551167994966,3.493394148287585e-06,0.0018690623714278732
7109,0.017158029273851006,0.002951192852026519,0.011725772528310238,0.02317953879531633,17.200068871103767,8.709539249852417e-06,0.002951192852026519
7110,0.00533972880683528,0.0014983963187182774,0.0027062562681906613,0.008355783272602666,28.0612812545875,2.2451915279484855e-06,0.0014983963187182774
7111,0.007411868375964446,0.0018359102856348201,0.0040239740109552155,0.010994050147378717,24.76987167754349,3.370566576899727e-06,0.0018359102856348201
7171,0.01792719205333882,0.002816439532723066,0.012520242032615777,0.02343173661211267,15.710433203054366,7.932331641485324e-06,0.002816439532723066
7172,0.014083106289620385,0.0025177289442253952,0.009114556517664015,0.01885118666408664,17.87765349808534,6.338959036590323e-06,0.0025177289442253952
7173,0.01356167605623477,0.0026684430097538374,0.008793715783429018,0.01910180166859976,19.676351202380047,7.120588096304118e-06,0.0026684430097538374
7174,0.01790811881808891,0.00288129380254099,0.012375844284200969,0.023576779286579072,16.089315867340616,8.301853976561118e-06,0.00288129380254099
7201,0.011238570924996872,0.00241993980467258,0.006666404994402843,0.015988922376977233,21.53245124155546,5.856108658238766e-06,0.00241993980467258
7202,0.006883944118267281,0.001623937107960692,0.003913966640085069,0.010143862198118407,23.590213401811347,2.637171730611736e-06,0.001623937107960692
7203,0.0025064498042246123,0.0009742324403795338,0.0008345879796143955,0.004438476815120612,38.8690185910553,9.491288478878619e-07,0.0009742324403795338
7204,0.023759999423342667,0.003332373986907371,0.01747705638732731,0.030356833579584113,14.02514338293093,1.1104716388616927e-05,0.003332373986907371
7205,0.008506531171665367,0.0018944294036456813,0.0050434746865521615,0.012282197905246657,22.270292853988323,3.588862765397332e-06,0.0018944294036456813
7206,0.03399459136586284,0.003942885209195435,0.02639988581815726,0.04173287625442909,11.59856627414812,1.5546343772892135e-05,0.003942885209195435
7207,0.003395814144578161,0.0010770730120209845,0.0014767643777036635,0.005470019947784785,31.717666696826303,1.1600862732239557e-06,0.0010770730120209845
7208,0.024086237673777787,0.002868663455031133,0.018582258900600754,0.029778043007616075,11.9099690615201,8.229230018231157e-06,0.002868663455031133
7209,0.012984269292675576,0.0024254606723323247,0.008506541242968268,0.01791555793322799,18.679993595793075,5.882859473030772e-06,0.0024254606723323247
7210,0.006436251738519367,0.0016346325427893272,0.003254781550665202,0.00955965265891617,25.39727483010737,2.6720235499459018e-06,0.0016346325427893272
7211,0.0032973975282731775,0.0011747677788148695,0.0012192721640983356,0.005606138673964577,35.627120137682844,1.3800793341416223e-06,0.0011747677788148695
7212,0.005380804976730071,0.001598833769458182,0.0023870761914410307,0.008487899078596466,29.71365393045331,2.5562694223598596e-06,0.001598833769458182
7271,0.014919124314502085,0.0025188408875928743,0.010313516330211646,0.02008147649072237,16.883302494801544,6.344559417009659e-06,0.0025188408875928743
7301,0.01173388432459532,0.0023555102148583185,0.007311197243957023,0.016411402667764894,20.07442846458737,5.548428372301883e-06,0.0023555102148583185
7302,0.010815632528579398,0.002129500483813397,0.00695375864156523,0.01520017902501843,19.68909796247581,4.534772310561493e-06,0.002129500483813397
7303,0.01071719587992371,0.0021739511308848233,0.006630614129741518,0.015082380133042127,20.284700916563807,4.726063519475401e-06,0.0021739511308848233
7304,0.001528293059138878,0.0006524597726772976,0.0004286619467429139,0.002782432478291879,42.692058880705005,4.2570375496211086e-07,0.0006524597726772976
7305,0.0170507432723831,0.0026487734579133237,0.012087388178514269,0.02237721956491204,15.534650986174384,7.0160008313461065e-06,0.0026487734579133237
7306,0.01443954120250914,0.0022126164909732084,0.010329960275549797,0.018814827895853533,15.323315747654952,4.8956717361265945e-06,0.0022126164909732084
7307,0.00774967112913121,0.0017990361307452859,0.004478320002377909,0.01136955605920351,23.21435452896399,3.236530999726969e-06,0.0017990361307452859
7308,0.01566389548063427,0.0024057659660215707,0.011368510975029819,0.02067652653006644,15.358669680833156,5.787709883267702e-06,0.0024057659660215707
7309,0.00854148478071705,0.0018063270916135097,0.00521701825739738,0.012183624476045663,21.147694317636777,3.2628175618969206e-06,0.0018063270916135097
7310,0.006002681245424337,0.001582318917107827,0.003070571163845622,0.009177800438838294,26.360202256516303,2.5037331554372866e-06,0.001582318917107827
7311,0.011224661329985574,0.0018349565642312349,0.007695131703005091,0.014852264383857743,16.347545019726606,3.367065592615298e-06,0.0018349565642312349
7312,0.015180184901806375,0.0025764351904740018,0.010571220234197726,0.02042895463299797,16.9723571032881,6.638018290712805e-06,0.0025764351904740018
7313,0.03214327938028783,0.003638588971575835,0.025162119668622328,0.039306193693196316,11.319905876832323,1.3239329704073291e-05,0.003638588971575835
7314,0.015647646221616525,0.002474586709975738,0.010928671233154764,0.02049684536075902,15.814434164271985,6.123579385188546e-06,0.002474586709975738
7315,0.008209718355542074,0.0017932118689317669,0.004745630436392411,0.011730544037012753,21.84255039298926,3.2156088068777605e-06,0.0017932118689317669
7316,0.007379234998928173,0.0017562428331679024,0.0042796045351620555,0.01096621362296186,23.799795418129317,3.084388889053621e-06,0.0017562428331679024
7317,0.025160922842719494,0.002973437455395342,0.01967958308838586,0.03122758644135745,11.817680432400074,8.841330301147926e-06,0.002973437455395342
7318,0.005541701312996478,0.0015379613220577303,0.0027884814028893094,0.008672194537060574,27.752512002963442,2.365325028145562e-06,0.0015379613220577303
7322,0.025994594834826492,0.0033155369462127848,0.019841987938019164,0.03274339829435794,12.75471676815968,1.0992785241702e-05,0.0033155369462127848
7325,0.007590223030979593,0.001687698379236468,0.004421495342791838,0.010851806702635601,22.23516189640417,2.8483258192774012e-06,0.001687698379236468
7326,0.005436165278784326,0.001457443620405415,0.002729196312264128,0.008243198637991615,26.810141812526695,2.1241419066604433e-06,0.001457443620405415
7371,0.02479345403100411,0.0026257546079811087,0.019793691459539155,0.029855064190948487,10.590515563896881,6.894587261334027e-06,0.0026257546079811087
7372,0.0830160822448997,0.006035382012273153,0.07189778113266375,0.09526359682119631,7.270135917120989,3.642583603407033e-05,0.006035382012273153
7373,0.022705541798500938,0.0031289680534432674,0.016789896278720358,0.028804462008219164,13.780635939944174,9.79044107946855e-06,0.0031289680534432674
7401,0.011959997185614163,0.002219256825673771,0.007750958829573911,0.016239896756117957,18.555663443994437,4.925100858299621e-06,0.002219256825673771
7402,0.00316661175503521,0.0011021148567536489,0.0012218595046810082,0.0053222131823829795,34.80423057866765,1.214657157477116e-06,0.0011021148567536489
7403,0.006840253352573152,0.0017562675269130231,0.003608456381481038,0.010324197563500323,25.675474816329046,3.084475626089187e-06,0.0017562675269130231
7404,0.00944476403583045,0.001907810951674096,0.005871278718452702,0.013269916324973603,20.199667714687887,3.6397426273276203e-06,0.001907810951674096
7405,0.012180116679978792,0.00239385194403403,0.007972327421721057,0.01715603915756993,19.653768571601223,5.730527129955504e-06,0.00239385194403403
7406,0.010374545688667388,0.0021815510396322635,0.006444999774294958,0.014893877733408757,21.027918764821443,4.75916493852061e-06,0.0021815510396322635
7407,0.012031154153017653,0.002369104187646211,0.007668739579581363,0.01685249342044022,19.691412457316012,5.612654651922814e-06,0.002369104187646211
7408,0.004466660884326683,0.0013663516519626213,0.0019071147659143583,0.007073604328259216,30.590001957773183,1.866916836820984e-06,0.0013663516519626213
7409,0.006383688202059908,0.001642740103843358,0.0034620159860261185,0.009689732205564868,25.733401316707067,2.6985950487752864e-06,0.001642740103843358
7410,0.01171334743825189,0.00224099219341378,0.00756661298178996,0.01614330820583288,19.131953570295764,5.022046010941505e-06,0.00224099219341378
7411,0.005947874282856854,0.0015801452034468995,0.0029803940106580286,0.009081132104899699,26.5665534996468,2.4968588639762433e-06,0.0015801452034468995
7412,0.006188474077952891,0.0017040529859390727,0.0031570976726703437,0.009685515707286207,27.535915388414505,2.90379657888787e-06,0.0017040529859390727
7413,0.006149928496049607,0.001676092820713408,0.0031333541419266177,0.009490242797389357,27.253858671528334,2.8092871436470286e-06,0.001676092820713408
7414,0.004109929188029562,0.0012857064301700217,0.0016776819287567424,0.006537432476517193,31.282933874255686,1.6530410245805408e-06,0.0012857064301700217
7415,0.0048167901211458855,0.001330224622567604,0.002387042049360278,0.00743366614662416,27.61641236407352,1.7694975464851247e-06,0.001330224622567604
7471,0.009619126683967796,0.001970718696496089,0.0060620199475826374,0.013636647618328102,20.487501217555298,3.8837321807192445e-06,0.001970718696496089
7472,0.00852887556505111,0.0018772327440503276,0.005076560687960655,0.012295870455876073,22.010319293937055,3.5240027753347225e-06,0.0018772327440503276
7501,0.004196415283409268,0.0013130115212309228,0.001821889891958842,0.006730788607350218,31.288884263241957,1.723999254885142e-06,0.0013130115212309228
7502,0.014661667076858585,0.002342331651996838,0.010051099024330906,0.01922722389668862,15.97588896077094,5.486517567946236e-06,0.002342331651996838
7503,0.0022227662934599392,0.0008672703438473536,0.0007685566804021584,0.0039666736141422505,39.01761271075278,7.52157849317107e-07,0.0008672703438473536
7504,0.0028224263380798474,0.0009824730501583824,0.0012031190533109911,0.004863176076715555,34.8095196286603,9.652532942875155e-07,0.0009824730501583824
7505,0.005192962903827702,0.0015312673084020214,0.002290677523070518,0.008119633110199804,29.487353111522008,2.344779569780771e-06,0.0015312673084020214
7571,0.020095466729158566,0.003012579363667073,0.01457661937099342,0.0261902464998462,14.991338117545755,9.075634422392708e-06,0.003012579363667073
7601,0.010521732509474918,0.002075074184494398,0.00657629702727388,0.014585644745917014,19.72179184963859,4.305932871155091e-06,0.002075074184494398
7602,0.01223249337115467,0.001980481582879623,0.008347154361496661,0.015987080386672698,16.190334405165334,3.922307300125377e-06,0.001980481582879623
7603,0.015789680669918055,0.002653920741921216,0.010714173853731175,0.021105156378669658,16.807944361898166,7.043295304399657e-06,0.002653920741921216
7604,0.005967781017487998,0.001412129053047586,0.003232148127918383,0.008651384323798125,23.662548087965696,1.9941084624610723e-06,0.001412129053047586
7605,0.0116297758683326,0.002235183215556766,0.0074265270322028945,0.016057362093049962,19.219486608018627,4.996044007106684e-06,0.002235183215556766
7606,0.015467477113709771,0.0026508722204700596,0.010427474365139527,0.020680653793360888,17.138362002943772,7.027123529259865e-06,0.0026508722204700596
8101,0.004660387613852277,0.0013526768347165736,0.002289172377118076,0.007387476481367466,29.02498561913503,1.8297346191788484e-06,0.0013526768347165736
8102,0.007954741882746757,0.001729236092056854,0.004633676848506275,0.011317182062893895,21.73843120928208,2.99025746207206e-06,0.001729236092056854
8103,0.014700254233094824,0.002319997580302098,0.010293879403604643,0.019240405983523563,15.782023518199196,5.382388772607589e-06,0.002319997580302098
8104,0.0015555663783487022,0.0006906606045443992,0.00041806184545419467,0.002920040813337042,44.399301383561905,4.770120706696349e-07,0.0006906606045443992
8105,0.004836998505432637,0.0012980449283222907,0.002434215099889225,0.0074497169722723975,26.835752106691817,1.6849206359432207e-06,0.0012980449283222907
8106,0.004490493236812769,0.0012427749337143362,0.002275935495828403,0.007025519209327889,27.675688797973212,1.5444895358686728e-06,0.0012427749337143362
8107,0.007263428171690592,0.0016132353947693843,0.00415778115065454,0.010343578315974086,22.210385463120748,2.6025284389367313e-06,0.0016132353947693843
8108,0.0032287850505473346,0.0010685694122283091,0.0013548295724941587,0.005352443079343668,33.0950929064531,1.141840588749954e-06,0.0010685694122283091
8109,0.01138993685833584,0.0020254423466617277,0.007675908824350149,0.015560164725164336,17.782735513405303,4.102416699650566e-06,0.0020254423466617277
8171,0.028779470826964342,0.003379544283655528,0.02223295023787506,0.03549464329255393,11.742899318666874,1.1421319565188755e-05,0.003379544283655528
8172,0.0014467709356690945,0.0006425375998798874,0.0003762788556994496,0.0027208124968867964,44.41184046752572,4.1285456725940627e-07,0.0006425375998798874
8201,0.007072109428101706,0.0017797447153088748,0.003766842400871493,0.010565752136480835,25.165684063610332,3.167491251669868e-06,0.0017797447153088748
8202,0.0017619710833985359,0.000777135333434152,0.00044476541464307645,0.0032889180553088183,44.10602085110234,6.039393264718106e-07,0.000777135333434152
8203,0.01467513967796015,0.002514979270842116,0.009737861464962652,0.01942210692684292,17.1376854056063,6.3251207327655425e-06,0.002514979270842116
8204,0.009721324876501137,0.001995821561632904,0.005984539038616733,0.013640964357163853,20.530345266593255,3.9833037058788024e-06,0.001995821561632904
8205,0.01147319724188245,0.0021370351728344384,0.00740655799204657,0.01567307404324249,18.62632645269338,4.566919329931517e-06,0.0021370351728344384
8206,0.017032574747689686,0.0027860088215412955,0.011889047844811136,0.02266582772214158,16.356944635861307,7.761845153705918e-06,0.0027860088215412955
8207,0.007750170527242368,0.0017189251455977518,0.004397637945640177,0.011059041280224701,22.179191277864337,2.9547036561682525e-06,0.0017189251455977518
8208,0.012028686357696614,0.0023794257462483454,0.0074635403380851565,0.01666192441564698,19.78126019327005,5.661666881909496e-06,0.0023794257462483454
8271,0.007190348720761546,0.0016404409353321906,0.004297114113133353,0.010576798167952185,22.81448367859477,2.691046462313552e-06,0.0016404409353321906
8272,0.004678104691493906,0.0013237184666698746,0.0023537573396527466,0.007414614726022217,28.296041964959922,1.7522305790028441e-06,0.0013237184666698746
9101,0.002668495744332592,0.0009453229012984024,0.001051860215263425,0.004565603195978931,35.425310432145125,8.93635387719229e-07,0.0009453229012984024
9102,0.006801652523879099,0.0016216759359185893,0.0038564503699880432,0.010091011616295654,23.84238139518659,2.6298328411374326e-06,0.0016216759359185893
9103,0.006294249627178366,0.0017138794044153694,0.003179549968247169,0.009651036751030552,27.229288730699423,2.9373826128791817e-06,0.0017138794044153694
9104,0.009126993659414983,0.001853180213711395,0.005665305591861405,0.0128247975640079,20.304388091688224,3.4342769044914116e-06,0.001853180213711395
9105,0.002672251552515921,0.0009594983671801176,0.0009918959520039113,0.004591892010067889,35.90598969908919,9.206371166213118e-07,0.0009594983671801176
9111,0.002118682603822193,0.0008939007336251538,0.000596459902600363,0.0038642297178958177,42.19134720852095,7.990585215755882e-07,0.0008939007336251538
9112,0.0014889922018819929,0.0006730854867966425,0.0003634495831334856,0.0027872173283687725,45.20409750607858,4.530440725362732e-07,0.0006730854867966425
9201,0.005558417262657334,0.001440702841755258,0.0031107727542517903,0.008623151557114994,25.919299931550942,2.075624678241676e-06,0.001440702841755258
9202,0.003360960068481102,0.0010967797610260974,0.0014789114482954154,0.005616901055359414,32.63293043293306,1.2029258441964633e-06,0.0010967797610260974
9203,0.005186595074134747,0.0012645449007825146,0.0027917681909711977,0.007652699246385686,24.38102228355415,1.5990738060950599e-06,0.0012645449007825146
9204,0.0020729514310183273,0.0009459235101861237,0.0005844451514668705,0.003979185280607263,45.63172566573079,8.947712871228376e-07,0.0009459235101861237
9205,0.016309007103754717,0.0033500951699657455,0.009995641231709663,0.022935855849702157,20.541380285464925,1.1223137647827817e-05,0.0033500951699657455
9271,0.023595002182885693,0.002992579706465037,0.017759674145181904,0.02939211516661673,12.683108411134894,8.955533299546367e-06,0.002992579706465037
9403,0.010910287605471743,0.0021514778665725903,0.0069931201312419455,0.015241607904111375,19.719717246441586,4.628857010351744e-06,0.0021514778665725903
9408,0.0013961911098643327,0.0006608449706297475,0.00034118362316949507,0.0026892059014214623,47.33198528201211,4.3671607520663185e-07,0.0006608449706297475
9409,0.026927081533384713,0.00342470315405034,0.020646471324380997,0.03385442339468067,12.718434226911398,1.1728591693362348e-05,0.00342470315405034
9419,0.0043243280299209525,0.0013965274504289527,0.00197118656259607,0.007191338520162946,32.29466961724643,1.950288919801591e-06,0.0013965274504289527
9420,0.004774051689124254,0.0014607685164209972,0.0021611735825397193,0.007693226481855252,30.59808756886247,2.1338446585668012e-06,0.0014607685164209972
9426,0.005892832618272291,0.0015602568344261526,0.0030686286634768177,0.00902828731456045,26.477195866520333,2.4344013893735184e-06,0.0015602568344261526
9427,0.0013432895871818005,0.0006134011828390222,0.00035388251654067777,0.00256544145762575,45.664106138567476,3.762610111083115e-07,0.0006134011828390222
9428,0.00216122243206051,0.0010921106220670553,0.0004106719618150481,0.004235623194397669,50.53207878403505,1.1927056108316905e-06,0.0010921106220670553
9471,0.013576395634480454,0.0024638314310787804,0.008683102144467339,0.01826152912887448,18.147905360251144,6.0704653207717115e-06,0.0024638314310787804
9501,0.036228773995578716,0.002924346208632221,0.030601908388636592,0.04204520955900753,8.071888408338362,8.551800747941644e-06,0.002924346208632221
9501,0.032052162073267595,0.0025971223960835886,0.027295812725647874,0.037407316346020465,8.10279939976237,6.745044740238961e-06,0.0025971223960835886
9503,0.0013006106325160619,0.000586633066426686,0.00033079847468479244,0.00243681828328189,45.10443416042437,3.4413835462517656e-07,0.000586633066426686
9504,0.001256989569456152,0.0005694343544679182,0.00030270713629789207,0.002389985324032587,45.301438317764976,3.242554840482947e-07,0.0005694343544679182
9601,0.008932666594327638,0.0020674200696846096,0.005193499600519814,0.013148591168308918,23.144489362196154,4.2742257445347165e-06,0.0020674200696846096
9602,0.0015776975534253996,0.0007567349492742441,0.0003817578590546175,0.0030546185378495096,47.964513073577876,5.726477834530927e-07,0.0007567349492742441
9603,0.0017471278233515226,0.0008015649870057764,0.0004190628348590474,0.0032955590611257754,45.87901218745009,6.425064283935706e-07,0.0008015649870057764
9604,0.02071743608333274,0.0031310246592180756,0.01463915012135133,0.02671449199864176,15.112992971833023,9.803315416631667e-06,0.0031310246592180756
9605,0.0017073773761230775,0.0008091359412840224,0.0004285012565163157,0.0033336981898097182,47.390574140165675,6.54700971477581e-07,0.0008091359412840224
9606,0.0016963378372172827,0.0007864517782750688,0.00039856594022560454,0.0032742790687389704,46.36174239709143,6.18506399552018e-07,0.0007864517782750688
9607,0.0015525236299678226,0.0007149147560363531,0.0003796123530804643,0.00298797771180514,46.04855876178647,5.111031083985182e-07,0.0007149147560363531
9608,0.0017002551600253971,0.0008227486259498554,0.00043940077208742145,0.0033595521518801816,48.389714984753574,6.769153015023751e-07,0.0008227486259498554
9701,0.001578755375028165,0.0007677912815630021,0.00035504919381369114,0.0031047729046648083,48.63269469782832,5.89503452044157e-07,0.0007677912815630021
9702,0.0015994684321909013,0.0007729281821270296,0.0004126156361156593,0.0031786975535362818,48.324066081647956,5.974179747261947e-07,0.0007729281821270296
9703,0.001751463304163923,0.000853201363858233,0.0004175391085814544,0.003455171752936108,48.713630587054546,7.279525672895489e-07,0.000853201363858233
9704,0.0024289958261067453,0.0009350410984008686,0.0008352222153715482,0.0042795949078299695,38.49496521776967,8.743018556987028e-07,0.0009350410984008686
9705,0.0014741250182065872,0.0007061923414362437,0.00031444400195210063,0.0027994531539007605,47.90586501919583,4.987076231032041e-07,0.0007061923414362437
9706,0.0018566340976256797,0.0009233614456234397,0.0003905431120934916,0.0036747666053418854,49.733086708052085,8.525963592638083e-07,0.0009233614456234397
9707,0.001348651968626004,0.0006171300485128245,0.0003401064816846916,0.0025798717803720106,45.75902922838957,3.808494967774412e-07,0.0006171300485128245
9708,0.0027502342096346827,0.001000100083047561,0.0009773037335367887,0.0046838395601947365,36.36417871408871,1.0002001761117387e-06,0.001000100083047561
