idkab,nama_kab,kode_prov_2021,nama_prov_2021,kode_prov_2022,nama_prov_2022,n_kec,n_desa,X1,X2,X3,X4,X5,X6,X7,X8,X9,X10
9101,Fakfak,91,Papua Barat,91,Papua Barat,17,149,98.657718,94.630872,100.0,0.530201,0.107383,0.060403,0.073826,1.302013,0.771812,1.577181
9102,Kaimana,91,Papua Barat,91,Papua Barat,7,86,93.023256,84.883721,100.0,0.651163,0.151163,0.05814,0.151163,0.848837,1.523256,1.534884
9103,Teluk Wondama,91,Papua Barat,91,Papua Barat,13,76,90.789474,22.368421,100.0,0.5,0.184211,0.039474,0.184211,0.697368,1.065789,2.039474
9104,Teluk Bintuni,91,Papua Barat,91,Papua Barat,24,262,82.442748,83.969466,100.0,0.194656,0.091603,0.049618,0.099237,0.683206,0.591603,0.828244
9105,Manokwari,91,Papua Barat,91,Papua Barat,9,173,100.0,95.953757,100.0,0.601156,0.179191,0.092486,0.127168,1.242775,0.421965,0.843931
9106,Sorong Selatan,91,Papua Barat,92,Papua Barat Daya,15,123,87.804878,59.349593,100.0,0.243902,0.146341,0.04065,0.138211,1.292683,1.642276,2.479675
9107,Sorong,91,Papua Barat,92,Papua Barat Daya,30,257,98.44358,78.599222,100.0,0.385214,0.136187,0.058366,0.081712,0.692607,0.478599,0.607004
9108,Raja Ampat,91,Papua Barat,92,Papua Barat Daya,24,121,100.0,93.38843,100.0,0.570248,0.264463,0.14876,0.190083,0.933884,1.198347,2.07438
9109,Tambrauw,91,Papua Barat,92,Papua Barat Daya,29,215,87.44186,55.348837,100.0,0.162791,0.07907,0.04186,0.055814,0.353488,0.381395,0.172093
9110,Maybrat,91,Papua Barat,92,Papua Barat Daya,24,260,88.461538,59.230769,100.0,0.076923,0.042308,0.019231,0.057692,0.296154,0.4,0.996154
9111,Manokwari Selatan,91,Papua Barat,91,Papua Barat,6,57,92.982456,85.964912,100.0,0.473684,0.087719,0.105263,0.122807,0.912281,0.666667,1.175439
9112,Pegunungan Arfak,91,Papua Barat,91,Papua Barat,10,166,86.144578,98.192771,100.0,0.277108,0.078313,0.066265,0.054217,0.144578,0.246988,0.204819
9171,Kota Sorong,91,Papua Barat,92,Papua Barat Daya,10,41,100.0,100.0,100.0,1.04878,0.243902,0.268293,0.414634,2.585366,2.634146,2.97561
9401,Merauke,94,Papua,95,Papua Selatan,20,190,78.947368,85.263158,98.421053,0.657895,0.257895,0.157895,0.210526,1.373684,1.342105,1.652632
9402,Jayawijaya,94,Papua,97,Papua Pegunungan,40,332,17.168675,88.554217,100.0,0.222892,0.048193,0.021084,0.081325,0.472892,0.527108,0.695783
9403,Jayapura,94,Papua,94,Papua,19,144,93.75,89.583333,100.0,0.652778,0.194444,0.138889,0.194444,1.423611,1.013889,1.701389
9404,Nabire,94,Papua,96,Papua Tengah,15,89,83.146067,94.382022,100.0,0.831461,0.393258,0.146067,0.325843,1.179775,2.146067,2.393258
9408,Kepulauan Yapen,94,Papua,94,Papua,16,165,98.181818,81.212121,100.0,0.436364,0.169697,0.066667,0.109091,0.666667,1.054545,1.963636
9409,Biak Numfor,94,Papua,94,Papua,19,268,99.253731,100.0,98.507463,0.33209,0.152985,0.067164,0.097015,1.063433,1.231343,1.436567
9410,Paniai,94,Papua,96,Papua Tengah,24,216,59.722222,86.111111,100.0,0.180556,0.037037,0.037037,0.069444,0.138889,0.763889,1.138889
9411,Puncak Jaya,94,Papua,96,Papua Tengah,26,302,68.874172,95.364238,100.0,0.086093,0.023179,0.02649,0.023179,0.003311,0.043046,0.139073
9412,Mimika,94,Papua,96,Papua Tengah,18,152,64.473684,89.473684,100.0,0.460526,0.177632,0.085526,0.217105,0.802632,1.026316,1.960526
9413,Boven Digoel,94,Papua,95,Papua Selatan,20,112,31.25,83.928571,100.0,0.598214,0.151786,0.089286,0.258929,0.928571,1.276786,2.892857
9414,Mappi,94,Papua,95,Papua Selatan,15,164,56.097561,87.804878,100.0,0.939024,0.164634,0.091463,0.189024,1.170732,1.158537,2.286585
9415,Asmat,94,Papua,95,Papua Selatan,23,221,58.823529,97.285068,100.0,0.475113,0.072398,0.0181,0.095023,0.99095,1.022624,1.882353
9416,Yahukimo,94,Papua,97,Papua Pegunungan,51,518,25.096525,98.262548,100.0,0.264479,0.061776,0.015444,0.061776,0.144788,0.166023,0.911197
9417,Pegunungan Bintang,94,Papua,97,Papua Pegunungan,34,277,55.234657,75.451264,100.0,0.209386,0.068592,0.018051,0.122744,0.3213,0.371841,0.841155
9418,Tolikara,94,Papua,97,Papua Pegunungan,46,545,3.669725,99.266055,100.0,0.093578,0.033028,0.009174,0.056881,0.034862,0.300917,0.212844
9419,Sarmi,94,Papua,94,Papua,19,111,72.972973,85.585586,100.0,0.459459,0.18018,0.09009,0.117117,0.72973,1.09009,1.297297
9420,Keerom,94,Papua,94,Papua,11,91,65.934066,72.527473,100.0,0.769231,0.142857,0.098901,0.10989,0.868132,0.813187,1.769231
9426,Waropen,94,Papua,94,Papua,12,111,82.882883,90.990991,100.0,0.378378,0.126126,0.054054,0.126126,0.702703,0.675676,1.333333
9427,Supiori,94,Papua,94,Papua,5,38,100.0,94.736842,100.0,0.605263,0.315789,0.263158,0.210526,0.842105,1.868421,2.289474
9428,Mamberamo Raya,94,Papua,94,Papua,9,59,40.677966,76.271186,100.0,0.79661,0.254237,0.084746,0.220339,0.372881,0.830508,3.288136
9429,Nduga,94,Papua,97,Papua Pegunungan,32,248,89.112903,97.580645,100.0,0.120968,0.024194,0.012097,0.068548,0.040323,0.177419,0.544355
9430,Lanny Jaya,94,Papua,97,Papua Pegunungan,39,355,94.084507,99.71831,100.0,0.126761,0.073239,0.033803,0.03662,0.070423,0.290141,0.340845
9431,Mamberamo Tengah,94,Papua,97,Papua Pegunungan,5,59,0.0,100.0,100.0,0.559322,0.152542,0.067797,0.135593,0.338983,0.661017,1.677966
9432,Yalimo,94,Papua,97,Papua Pegunungan,5,300,13.0,63.666667,100.0,0.15,0.09,0.02,0.043333,0.206667,0.106667,0.216667
9433,Puncak,94,Papua,96,Papua Tengah,25,206,2.912621,14.563107,100.0,0.179612,0.038835,0.014563,0.058252,0.0,0.092233,0.038835
9434,Dogiyai,94,Papua,96,Papua Tengah,10,79,70.886076,83.544304,100.0,0.240506,0.113924,0.037975,0.113924,0.265823,0.924051,1.860759
9435,Intan Jaya,94,Papua,96,Papua Tengah,8,97,70.103093,95.876289,100.0,0.247423,0.051546,0.020619,0.030928,0.030928,0.319588,0.505155
9436,Deiyai,94,Papua,96,Papua Tengah,5,67,91.044776,83.58209,100.0,0.253731,0.059701,0.044776,0.089552,0.179104,0.507463,0.41791
9471,Kota Jayapura,94,Papua,94,Papua,5,39,100.0,100.0,100.0,1.435897,0.435897,0.538462,0.589744,5.487179,5.487179,5.923077
